name,type,county_borough,state_full,state_abbr,lat,lon,search_query
Pacific Heights,neighborhood,San Francisco,California,CA,37.7925,-122.4382,"Pacific Heights, San Francisco, California"
Marina District,neighborhood,San Francisco,California,CA,37.8030,-122.4361,"Marina District, San Francisco, California"
Cow Hollow,neighborhood,San Francisco,California,CA,37.7990,-122.4368,"Cow Hollow, San Francisco, California"
Russian Hill,neighborhood,San Francisco,California,CA,37.8014,-122.4194,"Russian Hill, San Francisco, California"
Nob Hill,neighborhood,San Francisco,California,CA,37.7930,-122.4150,"Nob Hill, San Francisco, California"
North Beach,neighborhood,San Francisco,California,CA,37.8060,-122.4103,"North Beach, San Francisco, California"
Hayes Valley,neighborhood,San Francisco,California,CA,37.7762,-122.4233,"Hayes Valley, San Francisco, California"
Lower Haight,neighborhood,San Francisco,California,CA,37.7712,-122.4296,"Lower Haight, San Francisco, California"
The Castro,neighborhood,San Francisco,California,CA,37.7609,-122.4350,"The Castro, San Francisco, California"
Noe Valley,neighborhood,San Francisco,California,CA,37.7502,-122.4302,"Noe Valley, San Francisco, California"
Mission District,neighborhood,San Francisco,California,CA,37.7599,-122.4148,"Mission District, San Francisco, California"
Bernal Heights,neighborhood,San Francisco,California,CA,37.7396,-122.4156,"Bernal Heights, San Francisco, California"
SoMa,neighborhood,San Francisco,California,CA,37.7785,-122.4057,"SoMa, San Francisco, California"
Mission Bay,neighborhood,San Francisco,California,CA,37.7700,-122.3938,"Mission Bay, San Francisco, California"
Dogpatch,neighborhood,San Francisco,California,CA,37.7594,-122.3897,"Dogpatch, San Francisco, California"
Potrero Hill,neighborhood,San Francisco,California,CA,37.7620,-122.4026,"Potrero Hill, San Francisco, California"
Inner Sunset,neighborhood,San Francisco,California,CA,37.7636,-122.4648,"Inner Sunset, San Francisco, California"
Outer Sunset,neighborhood,San Francisco,California,CA,37.7503,-122.5025,"Outer Sunset, San Francisco, California"
Inner Richmond,neighborhood,San Francisco,California,CA,37.7802,-122.4678,"Inner Richmond, San Francisco, California"
Outer Richmond,neighborhood,San Francisco,California,CA,37.7760,-122.5053,"Outer Richmond, San Francisco, California"
Haight-Ashbury,neighborhood,San Francisco,California,CA,37.7692,-122.4481,"Haight-Ashbury, San Francisco, California"
Cole Valley,neighborhood,San Francisco,California,CA,37.7661,-122.4529,"Cole Valley, San Francisco, California"
Glen Park,neighborhood,San Francisco,California,CA,37.7332,-122.4353,"Glen Park, San Francisco, California"
Presidio Heights,neighborhood,San Francisco,California,CA,37.7878,-122.4490,"Presidio Heights, San Francisco, California"
Excelsior,neighborhood,San Francisco,California,CA,37.7228,-122.4278,"Excelsior, San Francisco, California"
Bayview,neighborhood,San Francisco,California,CA,37.7279,-122.3893,"Bayview-Hunters Point, San Francisco, California"
Visitacion Valley,neighborhood,San Francisco,California,CA,37.7119,-122.4124,"Visitacion Valley, San Francisco, California"
West Portal,neighborhood,San Francisco,California,CA,37.7406,-122.4656,"West Portal, San Francisco, California"
Chinatown,neighborhood,San Francisco,California,CA,37.7941,-122.4078,"Chinatown, San Francisco, California"
Financial District,neighborhood,San Francisco,California,CA,37.7946,-122.3999,"Financial District, San Francisco, California"
Alamo Square,neighborhood,San Francisco,California,CA,37.7762,-122.4342,"Alamo Square, San Francisco, California"
Diamond Heights,neighborhood,San Francisco,California,CA,37.7417,-122.4417,"Diamond Heights, San Francisco, California"
Forest Hill,neighborhood,San Francisco,California,CA,37.7497,-122.4621,"Forest Hill, San Francisco, California"
Pacifica,suburb,San Mateo,California,CA,37.6138,-122.4869,"Pacifica, California"
Daly City,suburb,San Mateo,California,CA,37.6879,-122.4702,"Daly City, California"
South San Francisco,suburb,San Mateo,California,CA,37.6546,-122.4077,"South San Francisco, California"
San Bruno,suburb,San Mateo,California,CA,37.6304,-122.4111,"San Bruno, California"
Millbrae,suburb,San Mateo,California,CA,37.5985,-122.3869,"Millbrae, California"
Burlingame,suburb,San Mateo,California,CA,37.5841,-122.3647,"Burlingame, California"
Hillsborough,suburb,San Mateo,California,CA,37.5730,-122.3600,"Hillsborough, California"
San Mateo,suburb,San Mateo,California,CA,37.5630,-122.3255,"San Mateo, California"
Foster City,suburb,San Mateo,California,CA,37.5585,-122.2711,"Foster City, California"
Belmont,suburb,San Mateo,California,CA,37.5202,-122.2758,"Belmont, California"
San Carlos,suburb,San Mateo,California,CA,37.5069,-122.2608,"San Carlos, California"
Redwood City,suburb,San Mateo,California,CA,37.4852,-122.2364,"Redwood City, California"
Atherton,suburb,San Mateo,California,CA,37.4613,-122.1977,"Atherton, California"
Menlo Park,suburb,San Mateo,California,CA,37.4529,-122.1817,"Menlo Park, California"
East Palo Alto,suburb,San Mateo,California,CA,37.4688,-122.1411,"East Palo Alto, California"
Half Moon Bay,suburb,San Mateo,California,CA,37.4635,-122.4286,"Half Moon Bay, California"
Woodside,suburb,San Mateo,California,CA,37.4293,-122.2539,"Woodside, California"
Portola Valley,suburb,San Mateo,California,CA,37.3869,-122.2280,"Portola Valley, California"
Palo Alto,suburb,Santa Clara,California,CA,37.4419,-122.1430,"Palo Alto, California"
Los Altos,suburb,Santa Clara,California,CA,37.3852,-122.1141,"Los Altos, California"
Los Altos Hills,suburb,Santa Clara,California,CA,37.3788,-122.1417,"Los Altos Hills, California"
Mountain View,suburb,Santa Clara,California,CA,37.3861,-122.0839,"Mountain View, California"
Sunnyvale,suburb,Santa Clara,California,CA,37.3688,-122.0363,"Sunnyvale, California"
Cupertino,suburb,Santa Clara,California,CA,37.3229,-122.0322,"Cupertino, California"
Santa Clara,suburb,Santa Clara,California,CA,37.3541,-121.9552,"Santa Clara, California"
Campbell,suburb,Santa Clara,California,CA,37.2872,-121.9500,"Campbell, California"
Los Gatos,suburb,Santa Clara,California,CA,37.2358,-121.9669,"Los Gatos, California"
Saratoga,suburb,Santa Clara,California,CA,37.2638,-122.0230,"Saratoga, California"
Milpitas,suburb,Santa Clara,California,CA,37.4323,-121.8996,"Milpitas, California"
Willow Glen,neighborhood,Santa Clara,California,CA,37.3097,-121.8950,"Willow Glen, San Jose, California"
Almaden Valley,neighborhood,Santa Clara,California,CA,37.2508,-121.8740,"Almaden Valley, San Jose, California"
Rose Garden,neighborhood,Santa Clara,California,CA,37.3302,-121.9236,"Rose Garden, San Jose, California"
Evergreen,neighborhood,Santa Clara,California,CA,37.2800,-121.7800,"Evergreen, San Jose, California"
Emeryville,suburb,Alameda,California,CA,37.8310,-122.2905,"Emeryville, California"
Albany,suburb,Alameda,California,CA,37.8869,-122.2977,"Albany, California"
North Berkeley,neighborhood,Alameda,California,CA,37.8780,-122.2716,"North Berkeley, Berkeley, California"
Elmwood,neighborhood,Alameda,California,CA,37.8571,-122.2493,"Elmwood, Berkeley, California"
Rockridge,neighborhood,Alameda,California,CA,37.8419,-122.2500,"Rockridge, Oakland, California"
Temescal,neighborhood,Alameda,California,CA,37.8322,-122.2647,"Temescal, Oakland, California"
Grand Lake,neighborhood,Alameda,California,CA,37.8161,-122.2453,"Grand Lake, Oakland, California"
Montclair,neighborhood,Alameda,California,CA,37.8264,-122.2014,"Montclair, Oakland, California"
Jack London Square,neighborhood,Alameda,California,CA,37.7935,-122.2755,"Jack London Square, Oakland, California"
Fruitvale,neighborhood,Alameda,California,CA,37.7749,-122.2244,"Fruitvale, Oakland, California"
Glenview,neighborhood,Alameda,California,CA,37.7994,-122.2217,"Glenview, Oakland, California"
Piedmont,suburb,Alameda,California,CA,37.8239,-122.2303,"Piedmont, California"
Alameda,suburb,Alameda,California,CA,37.7652,-122.2416,"Alameda, California"
San Leandro,suburb,Alameda,California,CA,37.7249,-122.1561,"San Leandro, California"
Castro Valley,suburb,Alameda,California,CA,37.6941,-122.0858,"Castro Valley, California"
Hayward,suburb,Alameda,California,CA,37.6688,-122.0808,"Hayward, California"
Fremont,suburb,Alameda,California,CA,37.5485,-121.9886,"Fremont, California"
Union City,suburb,Alameda,California,CA,37.5934,-122.0438,"Union City, California"
Newark,suburb,Alameda,California,CA,37.5296,-122.0402,"Newark, California"
Pleasanton,suburb,Alameda,California,CA,37.6624,-121.8747,"Pleasanton, California"
Livermore,suburb,Alameda,California,CA,37.6819,-121.7680,"Livermore, California"
Dublin,suburb,Alameda,California,CA,37.7022,-121.9358,"Dublin, California"
El Cerrito,suburb,Contra Costa,California,CA,37.9241,-122.3177,"El Cerrito, California"
Richmond,suburb,Contra Costa,California,CA,37.9358,-122.3477,"Richmond, California"
Kensington,suburb,Contra Costa,California,CA,37.9072,-122.2693,"Kensington, California"
Orinda,suburb,Contra Costa,California,CA,37.8771,-122.1797,"Orinda, California"
Moraga,suburb,Contra Costa,California,CA,37.8383,-122.1302,"Moraga, California"
Lafayette,suburb,Contra Costa,California,CA,37.8858,-122.1180,"Lafayette, California"
Walnut Creek,suburb,Contra Costa,California,CA,37.9041,-122.0652,"Walnut Creek, California"
Alamo,suburb,Contra Costa,California,CA,37.8510,-122.0325,"Alamo, California"
Danville,suburb,Contra Costa,California,CA,37.8216,-121.9997,"Danville, California"
San Ramon,suburb,Contra Costa,California,CA,37.7799,-121.9780,"San Ramon, California"
Pleasant Hill,suburb,Contra Costa,California,CA,37.9476,-122.0608,"Pleasant Hill, California"
Concord,suburb,Contra Costa,California,CA,37.9779,-122.0311,"Concord, California"
Martinez,suburb,Contra Costa,California,CA,38.0194,-122.1341,"Martinez, California"
Sausalito,suburb,Marin,California,CA,37.8591,-122.4853,"Sausalito, California"
Tiburon,suburb,Marin,California,CA,37.8914,-122.4569,"Tiburon, California"
Belvedere,suburb,Marin,California,CA,37.8694,-122.4578,"Belvedere, California"
Mill Valley,suburb,Marin,California,CA,37.9060,-122.5451,"Mill Valley, California"
Corte Madera,suburb,Marin,California,CA,37.9252,-122.5247,"Corte Madera, California"
Larkspur,suburb,Marin,California,CA,37.9330,-122.5344,"Larkspur, California"
San Anselmo,suburb,Marin,California,CA,37.9752,-122.5614,"San Anselmo, California"
Fairfax,suburb,Marin,California,CA,37.9863,-122.5888,"Fairfax, California"
San Rafael,suburb,Marin,California,CA,37.9735,-122.5311,"San Rafael, California"
Novato,suburb,Marin,California,CA,38.1074,-122.5697,"Novato, California"
Ross,suburb,Marin,California,CA,37.9616,-122.5558,"Ross, California"
Kentfield,suburb,Marin,California,CA,37.9505,-122.5564,"Kentfield, California"
